country,date,sector,GWh
Australia,01/01/2024,Coal,313.728
Australia,02/01/2024,Coal,319.624
Australia,03/01/2024,Coal,322.674
Australia,04/01/2024,Coal,325.892
Australia,05/01/2024,Coal,326.174
Australia,06/01/2024,Coal,328.019
Australia,07/01/2024,Coal,335.657
Australia,08/01/2024,Coal,347.14
Australia,09/01/2024,Coal,351.986
Australia,10/01/2024,Coal,355.254
Australia,11/01/2024,Coal,357.483
Australia,12/01/2024,Coal,363.106
Australia,13/01/2024,Coal,365.133
Australia,14/01/2024,Coal,357.944
Australia,15/01/2024,Coal,351.56
Australia,16/01/2024,Coal,347.965
Australia,17/01/2024,Coal,345.617
Australia,18/01/2024,Coal,342.96
Australia,19/01/2024,Coal,341.484
Australia,20/01/2024,Coal,343.714
Australia,21/01/2024,Coal,350.233
Australia,22/01/2024,Coal,352.564
Australia,23/01/2024,Coal,355.685
Australia,24/01/2024,Coal,358.308
Australia,25/01/2024,Coal,365.296
Australia,26/01/2024,Coal,363.003
Australia,27/01/2024,Coal,363.471
Australia,28/01/2024,Coal,366.043
Australia,29/01/2024,Coal,369.88
Australia,30/01/2024,Coal,371.666
Australia,31/01/2024,Coal,371.339
Australia,01/02/2024,Coal,366.377
Australia,02/02/2024,Coal,369.576
Australia,03/02/2024,Coal,370.501
Australia,04/02/2024,Coal,370.881
Australia,05/02/2024,Coal,372.518
Australia,06/02/2024,Coal,370.717
Australia,07/02/2024,Coal,366.931
Australia,08/02/2024,Coal,363.688
Australia,09/02/2024,Coal,360.861
Australia,10/02/2024,Coal,354.604
Australia,11/02/2024,Coal,349.927
Australia,12/02/2024,Coal,346.56
Australia,13/02/2024,Coal,344.244
Australia,14/02/2024,Coal,344.953
Australia,15/02/2024,Coal,347.283
Australia,16/02/2024,Coal,350.658
Australia,17/02/2024,Coal,355.016
Australia,18/02/2024,Coal,356.522
Australia,19/02/2024,Coal,354.683
Australia,20/02/2024,Coal,355.999
Australia,21/02/2024,Coal,358.274
Australia,22/02/2024,Coal,360.355
Australia,23/02/2024,Coal,361.172
Australia,24/02/2024,Coal,363.817
Australia,25/02/2024,Coal,364.897
Australia,26/02/2024,Coal,367.009
Australia,27/02/2024,Coal,369.563
Australia,28/02/2024,Coal,370.635
Australia,01/03/2024,Coal,375.244
Australia,02/03/2024,Coal,373.875
Australia,03/03/2024,Coal,373.508
Australia,04/03/2024,Coal,370.404
Australia,05/03/2024,Coal,366.839
Australia,06/03/2024,Coal,365.124
Australia,07/03/2024,Coal,359.284
Australia,08/03/2024,Coal,355.064
Australia,09/03/2024,Coal,351.052
Australia,10/03/2024,Coal,347.994
Australia,11/03/2024,Coal,348.011
Australia,12/03/2024,Coal,349.66
Australia,13/03/2024,Coal,350.204
Australia,14/03/2024,Coal,351.336
Australia,15/03/2024,Coal,346.556
Australia,16/03/2024,Coal,345.917
Australia,17/03/2024,Coal,347.175
Australia,18/03/2024,Coal,348.413
Australia,19/03/2024,Coal,346.438
Australia,20/03/2024,Coal,341.832
Australia,21/03/2024,Coal,337.742
Australia,22/03/2024,Coal,339.204
Australia,23/03/2024,Coal,338.531
Australia,24/03/2024,Coal,338.348
Australia,25/03/2024,Coal,336.191
Australia,26/03/2024,Coal,337.394
Australia,27/03/2024,Coal,340.15
Australia,28/03/2024,Coal,342.295
Australia,29/03/2024,Coal,339.399
Australia,30/03/2024,Coal,339.327
Australia,31/03/2024,Coal,337.526
Australia,01/04/2024,Coal,333.071
Australia,02/04/2024,Coal,327.593
Australia,03/04/2024,Coal,327.687
Australia,04/04/2024,Coal,330.535
Australia,05/04/2024,Coal,337.652
Australia,06/04/2024,Coal,344.319
Australia,07/04/2024,Coal,348.778
Australia,08/04/2024,Coal,354.252
Australia,09/04/2024,Coal,356.468
Australia,10/04/2024,Coal,353.918
Australia,11/04/2024,Coal,350.842
Australia,12/04/2024,Coal,348.519
Australia,13/04/2024,Coal,342.953
Australia,14/04/2024,Coal,338.315
Australia,15/04/2024,Coal,335.224
Australia,16/04/2024,Coal,335.813
Australia,17/04/2024,Coal,339.296
Australia,18/04/2024,Coal,340.872
Australia,19/04/2024,Coal,340.585
Australia,20/04/2024,Coal,342.486
Australia,21/04/2024,Coal,345.919
Australia,22/04/2024,Coal,346.571
Australia,23/04/2024,Coal,343.077
Australia,24/04/2024,Coal,337.216
Australia,25/04/2024,Coal,333.366
Australia,26/04/2024,Coal,333.298
Australia,27/04/2024,Coal,331.951
Australia,28/04/2024,Coal,328.519
Australia,29/04/2024,Coal,327.111
Australia,30/04/2024,Coal,330.112
Australia,01/05/2024,Coal,332.03
Australia,02/05/2024,Coal,333.586
Australia,03/05/2024,Coal,333.928
Australia,04/05/2024,Coal,337.86
Australia,05/05/2024,Coal,342.193
Australia,06/05/2024,Coal,344.053
Australia,07/05/2024,Coal,346.925
Australia,08/05/2024,Coal,348.497
Australia,09/05/2024,Coal,352.661
Australia,10/05/2024,Coal,356.992
Australia,11/05/2024,Coal,362.031
Australia,12/05/2024,Coal,366.347
Australia,13/05/2024,Coal,372.007
Australia,14/05/2024,Coal,375.62
Australia,15/05/2024,Coal,381.471
Australia,16/05/2024,Coal,385.702
Australia,17/05/2024,Coal,385.296
Australia,18/05/2024,Coal,380.027
Australia,19/05/2024,Coal,377.094
Australia,20/05/2024,Coal,376.855
Australia,21/05/2024,Coal,375.94
Australia,22/05/2024,Coal,375.354
Australia,23/05/2024,Coal,374.186
Australia,24/05/2024,Coal,377.465
Australia,25/05/2024,Coal,383.575
Australia,26/05/2024,Coal,388.256
Australia,27/05/2024,Coal,391.581
Australia,28/05/2024,Coal,394.033
Australia,29/05/2024,Coal,390.047
Australia,30/05/2024,Coal,384.222
Australia,31/05/2024,Coal,378.269
Australia,01/06/2024,Coal,378.711
Australia,02/06/2024,Coal,378.394
Australia,03/06/2024,Coal,377.786
Australia,04/06/2024,Coal,381.296
Australia,05/06/2024,Coal,392.363
Australia,06/06/2024,Coal,402.527
Australia,07/06/2024,Coal,410.859
Australia,08/06/2024,Coal,409.24
Australia,09/06/2024,Coal,408.782
Australia,10/06/2024,Coal,406.73
Australia,11/06/2024,Coal,403.152
Australia,12/06/2024,Coal,394.641
Australia,13/06/2024,Coal,394.153
Australia,14/06/2024,Coal,394.919
Australia,15/06/2024,Coal,397.044
Australia,16/06/2024,Coal,397.957
Australia,17/06/2024,Coal,402.176
Australia,18/06/2024,Coal,402.971
Australia,19/06/2024,Coal,408.198
Australia,20/06/2024,Coal,408.688
Australia,21/06/2024,Coal,407.073
Australia,22/06/2024,Coal,407.61
Australia,23/06/2024,Coal,408.018
Australia,24/06/2024,Coal,407.426
Australia,25/06/2024,Coal,410.506
Australia,26/06/2024,Coal,409.609
Australia,27/06/2024,Coal,411.035
Australia,28/06/2024,Coal,410.257
Australia,29/06/2024,Coal,407.561
Australia,30/06/2024,Coal,408.986
Australia,01/07/2024,Coal,412.893
Australia,02/07/2024,Coal,413.473
Australia,03/07/2024,Coal,413.537
Australia,04/07/2024,Coal,406.336
Australia,05/07/2024,Coal,401.691
Australia,06/07/2024,Coal,399.313
Australia,07/07/2024,Coal,395.298
Australia,08/07/2024,Coal,391.944
Australia,09/07/2024,Coal,388.8
Australia,10/07/2024,Coal,386.408
Australia,11/07/2024,Coal,388.085
Australia,12/07/2024,Coal,393.729
Australia,13/07/2024,Coal,398.413
Australia,14/07/2024,Coal,399.657
Australia,15/07/2024,Coal,397.248
Australia,16/07/2024,Coal,395.547
Australia,17/07/2024,Coal,397.261
Australia,18/07/2024,Coal,397.361
Australia,19/07/2024,Coal,391.78
Australia,20/07/2024,Coal,382.921
Australia,21/07/2024,Coal,377.189
Australia,22/07/2024,Coal,373.946
Australia,23/07/2024,Coal,369.303
Australia,24/07/2024,Coal,363.569
Australia,25/07/2024,Coal,360.991
Australia,26/07/2024,Coal,358.87
Australia,27/07/2024,Coal,365.216
Australia,28/07/2024,Coal,365.023
Australia,29/07/2024,Coal,368.183
Australia,30/07/2024,Coal,373.821
Australia,31/07/2024,Coal,378.865
Australia,01/08/2024,Coal,380.245
Australia,02/08/2024,Coal,381.066
Australia,03/08/2024,Coal,378.798
Australia,04/08/2024,Coal,384.987
Australia,05/08/2024,Coal,386.439
Australia,06/08/2024,Coal,382.728
Australia,07/08/2024,Coal,379.895
Australia,08/08/2024,Coal,377.244
Australia,09/08/2024,Coal,379.566
Australia,10/08/2024,Coal,375.902
Australia,11/08/2024,Coal,369.593
Australia,12/08/2024,Coal,362.733
Australia,13/08/2024,Coal,360.199
Australia,14/08/2024,Coal,358.55
Australia,15/08/2024,Coal,356.273
Australia,16/08/2024,Coal,351.928
Australia,17/08/2024,Coal,347.871
Australia,18/08/2024,Coal,347.028
Australia,19/08/2024,Coal,345.501
Australia,20/08/2024,Coal,342.165
Australia,21/08/2024,Coal,335.474
Australia,22/08/2024,Coal,331.536
Australia,23/08/2024,Coal,327.331
Australia,24/08/2024,Coal,323.792
Australia,25/08/2024,Coal,318.514
Australia,26/08/2024,Coal,311.521
Australia,27/08/2024,Coal,307.962
Australia,28/08/2024,Coal,305.636
Australia,29/08/2024,Coal,303.999
Australia,30/08/2024,Coal,299.797
Australia,31/08/2024,Coal,297.242
Australia,01/09/2024,Coal,293.933
Australia,02/09/2024,Coal,292.318
Australia,03/09/2024,Coal,294.59
Australia,04/09/2024,Coal,294.603
Australia,05/09/2024,Coal,292.809
Australia,06/09/2024,Coal,292.816
Australia,07/09/2024,Coal,296.635
Australia,08/09/2024,Coal,297.081
Australia,09/09/2024,Coal,298.979
Australia,10/09/2024,Coal,300.333
Australia,11/09/2024,Coal,304.521
Australia,12/09/2024,Coal,309.165
Australia,13/09/2024,Coal,312.988
Australia,14/09/2024,Coal,310.674
Australia,15/09/2024,Coal,311.482
Australia,16/09/2024,Coal,312.334
Australia,17/09/2024,Coal,308.93
Australia,18/09/2024,Coal,303.01
Australia,19/09/2024,Coal,298.038
Australia,20/09/2024,Coal,293.579
Australia,21/09/2024,Coal,291.657
Australia,22/09/2024,Coal,290.441
Australia,23/09/2024,Coal,290.308
Australia,24/09/2024,Coal,293.761
Australia,25/09/2024,Coal,301.322
Australia,26/09/2024,Coal,307.371
Australia,27/09/2024,Coal,312.445
Australia,28/09/2024,Coal,312.776
Australia,29/09/2024,Coal,313.418
Australia,30/09/2024,Coal,312.757
Australia,01/10/2024,Coal,306.79
Australia,02/10/2024,Coal,299.546
Australia,03/10/2024,Coal,290.388
Australia,04/10/2024,Coal,284.646
Australia,05/10/2024,Coal,281.414
Australia,06/10/2024,Coal,275.489
Australia,07/10/2024,Coal,270.343
Australia,08/10/2024,Coal,273.868
Australia,09/10/2024,Coal,277.019
Australia,10/10/2024,Coal,278.355
Australia,11/10/2024,Coal,278.773
Australia,12/10/2024,Coal,282.195
Australia,13/10/2024,Coal,286.508
Australia,14/10/2024,Coal,293.042
Australia,15/10/2024,Coal,291.288
Australia,16/10/2024,Coal,291.312
Australia,17/10/2024,Coal,293.75
Australia,18/10/2024,Coal,296.304
Australia,19/10/2024,Coal,295.578
Australia,20/10/2024,Coal,295.23
Australia,21/10/2024,Coal,291.182
Australia,22/10/2024,Coal,289.197
Australia,23/10/2024,Coal,287.001
Australia,24/10/2024,Coal,286.834
Australia,25/10/2024,Coal,284.447
Australia,26/10/2024,Coal,285.319
Australia,27/10/2024,Coal,286.014
Australia,28/10/2024,Coal,287.92
Australia,29/10/2024,Coal,289.061
Australia,30/10/2024,Coal,289.252
Australia,31/10/2024,Coal,288.877
Australia,01/11/2024,Coal,290.437
Australia,02/11/2024,Coal,287.573
Australia,03/11/2024,Coal,285.298
Australia,04/11/2024,Coal,286.936
Australia,05/11/2024,Coal,286.412
Australia,06/11/2024,Coal,284.585
Australia,07/11/2024,Coal,288.011
Australia,08/11/2024,Coal,287.35
Australia,09/11/2024,Coal,292.741
Australia,10/11/2024,Coal,297.865
Australia,11/11/2024,Coal,301.228
Australia,12/11/2024,Coal,305.846
Australia,13/11/2024,Coal,309.144
Australia,14/11/2024,Coal,306.375
Australia,15/11/2024,Coal,306.966
Australia,16/11/2024,Coal,302.866
Australia,17/11/2024,Coal,297.576
Australia,18/11/2024,Coal,290.019
Australia,19/11/2024,Coal,287.467
Australia,20/11/2024,Coal,287.747
Australia,21/11/2024,Coal,288.743
Australia,22/11/2024,Coal,289.955
Australia,23/11/2024,Coal,293.506
Australia,24/11/2024,Coal,300.014
Australia,25/11/2024,Coal,305.187
Australia,26/11/2024,Coal,307.313
Australia,27/11/2024,Coal,310.641
Australia,28/11/2024,Coal,315.623
Australia,29/11/2024,Coal,317.969
Australia,30/11/2024,Coal,324.891
Australia,01/12/2024,Coal,327.154
Australia,02/12/2024,Coal,328.89
Australia,03/12/2024,Coal,332.892
Australia,04/12/2024,Coal,335.921
Australia,05/12/2024,Coal,337.725
Australia,06/12/2024,Coal,343.342
Australia,07/12/2024,Coal,341.685
Australia,08/12/2024,Coal,340.417
Australia,09/12/2024,Coal,344.584
Australia,10/12/2024,Coal,341.878
Australia,11/12/2024,Coal,337.636
Australia,12/12/2024,Coal,334.317
Australia,13/12/2024,Coal,331.164
Australia,14/12/2024,Coal,330.914
Australia,15/12/2024,Coal,332.896
Australia,16/12/2024,Coal,331.81
Australia,17/12/2024,Coal,333.019
Australia,18/12/2024,Coal,332.892
Australia,19/12/2024,Coal,329.912
Australia,20/12/2024,Coal,326.389
Australia,21/12/2024,Coal,323.441
Australia,22/12/2024,Coal,321.573
Australia,23/12/2024,Coal,314.782
Australia,24/12/2024,Coal,309.474
Australia,25/12/2024,Coal,303.413
Australia,26/12/2024,Coal,298.294
Australia,27/12/2024,Coal,295.183
Australia,28/12/2024,Coal,295.556
Australia,29/12/2024,Coal,297.046
Australia,30/12/2024,Coal,302.208
Australia,31/12/2024,Coal,306.604
Australia,01/01/2025,Coal,312.632
Australia,02/01/2025,Coal,318.906
Australia,03/01/2025,Coal,322.018
Australia,04/01/2025,Coal,323.804
Australia,05/01/2025,Coal,326.422
Australia,06/01/2025,Coal,328.873
Australia,07/01/2025,Coal,326.343
Australia,08/01/2025,Coal,326.11
Australia,09/01/2025,Coal,328.175
Australia,10/01/2025,Coal,331.765
Australia,11/01/2025,Coal,333.808
Australia,12/01/2025,Coal,332.054
Australia,13/01/2025,Coal,330.099
Australia,14/01/2025,Coal,335.297
Australia,15/01/2025,Coal,339.533
Australia,16/01/2025,Coal,343.053
Australia,17/01/2025,Coal,341.008
Australia,18/01/2025,Coal,336.309
Australia,19/01/2025,Coal,336.538
Australia,20/01/2025,Coal,340.099
Australia,21/01/2025,Coal,344.137
Australia,22/01/2025,Coal,345.415
Australia,23/01/2025,Coal,346.876
Australia,24/01/2025,Coal,351.85
Australia,25/01/2025,Coal,357.509
Australia,26/01/2025,Coal,358.886
Australia,27/01/2025,Coal,355.187
Australia,28/01/2025,Coal,352.935
Australia,29/01/2025,Coal,351.241
Australia,30/01/2025,Coal,349.668
Australia,31/01/2025,Coal,348.254
Australia,01/02/2025,Coal,347.889
Australia,02/02/2025,Coal,348.432
Australia,03/02/2025,Coal,354.939
Australia,04/02/2025,Coal,358.108
Australia,05/02/2025,Coal,361.638
Australia,06/02/2025,Coal,363.896
Australia,07/02/2025,Coal,366.065
Australia,08/02/2025,Coal,363.418
Australia,09/02/2025,Coal,357.152
Australia,10/02/2025,Coal,350.973
Australia,11/02/2025,Coal,347.687
Australia,12/02/2025,Coal,346.362
Australia,13/02/2025,Coal,345.031
Australia,14/02/2025,Coal,346.584
Australia,15/02/2025,Coal,347.581
Australia,16/02/2025,Coal,349.97
Australia,17/02/2025,Coal,347.852
Australia,18/02/2025,Coal,343.197
Australia,19/02/2025,Coal,338.267
Australia,20/02/2025,Coal,332.503
Australia,21/02/2025,Coal,323.718
Australia,22/02/2025,Coal,320.828
Australia,23/02/2025,Coal,322.071
Australia,24/02/2025,Coal,324.08
Australia,25/02/2025,Coal,327.103
Australia,26/02/2025,Coal,330.023
Australia,27/02/2025,Coal,337.028
Australia,28/02/2025,Coal,344.995
Australia,01/03/2025,Coal,350.391
Australia,02/03/2025,Coal,350.986
Australia,03/03/2025,Coal,348.734
Australia,04/03/2025,Coal,346.481
Australia,05/03/2025,Coal,345.219
Australia,06/03/2025,Coal,338.391
Australia,07/03/2025,Coal,333.318
Australia,08/03/2025,Coal,330.593
Australia,09/03/2025,Coal,333.946
Australia,10/03/2025,Coal,342.711
Australia,11/03/2025,Coal,349.609
Australia,12/03/2025,Coal,356.06
Australia,13/03/2025,Coal,364.445
Australia,14/03/2025,Coal,371.276
Australia,15/03/2025,Coal,377.18
Australia,16/03/2025,Coal,375.159
Australia,17/03/2025,Coal,367.061
Australia,18/03/2025,Coal,363.205
Australia,19/03/2025,Coal,361.2
Australia,20/03/2025,Coal,359.461
Australia,21/03/2025,Coal,359.919
Australia,22/03/2025,Coal,357.75
Australia,23/03/2025,Coal,361.802
Australia,24/03/2025,Coal,369.652
Australia,25/03/2025,Coal,372.566
Australia,26/03/2025,Coal,374.07
Australia,27/03/2025,Coal,373.735
Australia,28/03/2025,Coal,373.464
Australia,29/03/2025,Coal,374.78
Australia,30/03/2025,Coal,366.055
Australia,31/03/2025,Coal,357.756
Australia,01/04/2025,Coal,351.936
Australia,02/04/2025,Coal,350.123
Australia,03/04/2025,Coal,350.848
Australia,04/04/2025,Coal,346.793
Australia,05/04/2025,Coal,336.331
Australia,06/04/2025,Coal,335.334
Australia,07/04/2025,Coal,333.645
Australia,08/04/2025,Coal,334.22
Australia,09/04/2025,Coal,330.217
Australia,10/04/2025,Coal,324.024
Australia,11/04/2025,Coal,321.614
Australia,12/04/2025,Coal,324.581
Australia,13/04/2025,Coal,324.913
Australia,14/04/2025,Coal,328.388
Australia,15/04/2025,Coal,326.895
Australia,16/04/2025,Coal,324.897
Australia,17/04/2025,Coal,324.112
Australia,18/04/2025,Coal,318.54
Australia,19/04/2025,Coal,317.247
Australia,20/04/2025,Coal,314.946
Australia,21/04/2025,Coal,310.646
Australia,22/04/2025,Coal,309.24
Australia,23/04/2025,Coal,307.373
Australia,24/04/2025,Coal,308.715
Australia,25/04/2025,Coal,314.751
Australia,26/04/2025,Coal,321.763
Australia,27/04/2025,Coal,331.269
Australia,28/04/2025,Coal,338.788
Australia,29/04/2025,Coal,342.937
Australia,30/04/2025,Coal,347.35
Australia,01/05/2025,Coal,349.03
Australia,02/05/2025,Coal,350.143
Australia,03/05/2025,Coal,344.497
Australia,04/05/2025,Coal,335.288
Australia,05/05/2025,Coal,326.722
Australia,06/05/2025,Coal,320.136
Australia,07/05/2025,Coal,314.463
Australia,08/05/2025,Coal,313.861
Australia,09/05/2025,Coal,314.376
Australia,10/05/2025,Coal,317.496
Australia,11/05/2025,Coal,322.88
Australia,12/05/2025,Coal,329.958
Australia,13/05/2025,Coal,337.201
Australia,14/05/2025,Coal,346.315
Australia,15/05/2025,Coal,352.15
Australia,16/05/2025,Coal,356.571
Australia,17/05/2025,Coal,358.78
Australia,18/05/2025,Coal,360.152
Australia,19/05/2025,Coal,361.035
Australia,20/05/2025,Coal,361.617
Australia,21/05/2025,Coal,363.788
Australia,22/05/2025,Coal,364.483
Australia,23/05/2025,Coal,363.559
Australia,24/05/2025,Coal,356.825
Australia,25/05/2025,Coal,354.654
Australia,26/05/2025,Coal,350.133
Australia,27/05/2025,Coal,345.369
Australia,28/05/2025,Coal,340.242
Australia,29/05/2025,Coal,341.69
Australia,30/05/2025,Coal,342.644
Australia,31/05/2025,Coal,351.085
Australia,01/06/2025,Coal,354.174
Australia,02/06/2025,Coal,362.404
Australia,03/06/2025,Coal,369.742
Australia,04/06/2025,Coal,374.901
Australia,05/06/2025,Coal,373.941
Australia,06/06/2025,Coal,373.212
Australia,07/06/2025,Coal,368.289
Australia,08/06/2025,Coal,366.824
Australia,09/06/2025,Coal,363.242
Australia,10/06/2025,Coal,362.587
Australia,11/06/2025,Coal,362.319
Australia,12/06/2025,Coal,364.023
Australia,13/06/2025,Coal,368.563
Australia,14/06/2025,Coal,377.746
Australia,15/06/2025,Coal,387.855
Australia,16/06/2025,Coal,391.669
Australia,17/06/2025,Coal,395.431
Australia,18/06/2025,Coal,398.351
Australia,19/06/2025,Coal,397.747
Australia,20/06/2025,Coal,395.525
Australia,21/06/2025,Coal,393.184
Australia,22/06/2025,Coal,386.842
Australia,23/06/2025,Coal,380.666
Australia,24/06/2025,Coal,373.238
Australia,25/06/2025,Coal,365.802
Australia,26/06/2025,Coal,363.722
Australia,27/06/2025,Coal,364.305
Australia,28/06/2025,Coal,366.133
Australia,29/06/2025,Coal,371.693
Australia,30/06/2025,Coal,381.8
Australia,01/07/2025,Coal,389.495
Australia,02/07/2025,Coal,394.638
Australia,03/07/2025,Coal,395.285
Australia,04/07/2025,Coal,392.56
Australia,05/07/2025,Coal,389.111
Australia,06/07/2025,Coal,386.071
Australia,07/07/2025,Coal,383.253
Australia,08/07/2025,Coal,379.884
Australia,09/07/2025,Coal,377.777
Australia,10/07/2025,Coal,373.893
Australia,11/07/2025,Coal,370.513
Australia,12/07/2025,Coal,369.592
Australia,13/07/2025,Coal,364.947
Australia,14/07/2025,Coal,362.237
Australia,15/07/2025,Coal,367.854
Australia,16/07/2025,Coal,369.35
Australia,17/07/2025,Coal,374.747
Australia,18/07/2025,Coal,385.978
Australia,19/07/2025,Coal,386.551
Australia,20/07/2025,Coal,392.895
Australia,21/07/2025,Coal,389.149
Australia,22/07/2025,Coal,380.091
Australia,23/07/2025,Coal,380.168
Australia,24/07/2025,Coal,377.855
Australia,25/07/2025,Coal,371.555
Australia,26/07/2025,Coal,373.969
Australia,27/07/2025,Coal,368.767
Australia,28/07/2025,Coal,371.613
Australia,29/07/2025,Coal,380.99
Australia,30/07/2025,Coal,386.891
Australia,31/07/2025,Coal,390.457
Australia,01/08/2025,Coal,395.845
Australia,02/08/2025,Coal,397.953
Australia,03/08/2025,Coal,398.194
Australia,04/08/2025,Coal,394.148
Australia,05/08/2025,Coal,382.705
Australia,06/08/2025,Coal,372.129
Australia,07/08/2025,Coal,369.809
Australia,08/08/2025,Coal,364.605
Australia,09/08/2025,Coal,362.188
Australia,10/08/2025,Coal,364.425
Australia,11/08/2025,Coal,368.079
Australia,12/08/2025,Coal,372.48
Australia,13/08/2025,Coal,377.883
Australia,14/08/2025,Coal,376.421
Australia,15/08/2025,Coal,370.329
Australia,16/08/2025,Coal,365.586
Australia,17/08/2025,Coal,364.35
Australia,18/08/2025,Coal,365.668
Australia,19/08/2025,Coal,365.931
Australia,20/08/2025,Coal,364.233
Australia,21/08/2025,Coal,364.158
Australia,22/08/2025,Coal,365.834
Australia,23/08/2025,Coal,365.995
Australia,24/08/2025,Coal,364.288
Australia,25/08/2025,Coal,359.467
Australia,26/08/2025,Coal,350.997
Australia,27/08/2025,Coal,338.868
Australia,28/08/2025,Coal,325.801
Australia,29/08/2025,Coal,315.698
Australia,30/08/2025,Coal,306.279
Australia,31/08/2025,Coal,301.734
Australia,01/09/2025,Coal,303.796
Australia,02/09/2025,Coal,307.098
Australia,03/09/2025,Coal,309.485
Australia,04/09/2025,Coal,312.417
Australia,05/09/2025,Coal,316.78
Australia,06/09/2025,Coal,316.626
Australia,07/09/2025,Coal,310.155
Australia,08/09/2025,Coal,299.314
Australia,09/09/2025,Coal,296.84
Australia,10/09/2025,Coal,302.157
Australia,11/09/2025,Coal,303.654
Australia,12/09/2025,Coal,302.777
Australia,13/09/2025,Coal,307.936
Australia,14/09/2025,Coal,307.756
Australia,15/09/2025,Coal,304.898
Australia,16/09/2025,Coal,298.699
Australia,17/09/2025,Coal,290.777
Australia,18/09/2025,Coal,289.121
Australia,19/09/2025,Coal,284.039
Australia,20/09/2025,Coal,277.143
Australia,21/09/2025,Coal,276.758
Australia,22/09/2025,Coal,280.296
Australia,23/09/2025,Coal,283.714
Australia,24/09/2025,Coal,282.661
Australia,25/09/2025,Coal,278.049
Australia,26/09/2025,Coal,276.086
Australia,27/09/2025,Coal,275.705
Australia,28/09/2025,Coal,278.792
Australia,29/09/2025,Coal,280.896
Australia,30/09/2025,Coal,279.161
Australia,01/10/2025,Coal,276.076
Australia,02/10/2025,Coal,274.022
Australia,03/10/2025,Coal,274.156
Australia,04/10/2025,Coal,274.991
Australia,05/10/2025,Coal,268.566
Australia,06/10/2025,Coal,263.633
Australia,07/10/2025,Coal,265.207
Australia,08/10/2025,Coal,267.728
Australia,09/10/2025,Coal,270.32
Australia,10/10/2025,Coal,268.227
Australia,11/10/2025,Coal,263.958
Australia,12/10/2025,Coal,268.296
Australia,13/10/2025,Coal,273.799
Australia,14/10/2025,Coal,272.768
Australia,15/10/2025,Coal,275.931
Australia,16/10/2025,Coal,274.97
Australia,17/10/2025,Coal,280.841
Australia,18/10/2025,Coal,287.076
Australia,19/10/2025,Coal,286.161
Australia,20/10/2025,Coal,286.694
Australia,21/10/2025,Coal,290.042
Australia,22/10/2025,Coal,287.911
Australia,23/10/2025,Coal,293.193
Australia,24/10/2025,Coal,293.905
Australia,25/10/2025,Coal,296.371
Australia,26/10/2025,Coal,299.014
Australia,27/10/2025,Coal,294.128
Australia,28/10/2025,Coal,293.29
Australia,29/10/2025,Coal,295.963
Australia,30/10/2025,Coal,293.912
Australia,31/10/2025,Coal,294.794
Australia,01/11/2025,Coal,292.368
Australia,02/11/2025,Coal,289.84
Australia,03/11/2025,Coal,296.282
Australia,04/11/2025,Coal,292.728
Australia,05/11/2025,Coal,287.658
Australia,06/11/2025,Coal,286.545
Australia,07/11/2025,Coal,283.132
Australia,08/11/2025,Coal,280.412
Australia,09/11/2025,Coal,283.54
Australia,10/11/2025,Coal,280.074
Australia,11/11/2025,Coal,279.443
Australia,12/11/2025,Coal,280.722
Australia,13/11/2025,Coal,278.508
Australia,14/11/2025,Coal,282.536
Australia,15/11/2025,Coal,287.339
Australia,16/11/2025,Coal,286.053
Australia,17/11/2025,Coal,281.922
Australia,18/11/2025,Coal,282.7
Australia,19/11/2025,Coal,285.473
Australia,20/11/2025,Coal,290.75
Australia,21/11/2025,Coal,288.353
Australia,22/11/2025,Coal,288.581
Australia,23/11/2025,Coal,290.167
Australia,24/11/2025,Coal,294.813
Australia,25/11/2025,Coal,297.946
Australia,26/11/2025,Coal,300.285
Australia,27/11/2025,Coal,299.908
Australia,28/11/2025,Coal,304.729
Australia,29/11/2025,Coal,306.845
Australia,30/11/2025,Coal,306.418
Australia,01/12/2025,Coal,304.09
Australia,02/12/2025,Coal,304.045
Australia,03/12/2025,Coal,300.83
Australia,04/12/2025,Coal,298.403
Australia,05/12/2025,Coal,296.115
Australia,06/12/2025,Coal,297.063
Australia,07/12/2025,Coal,298.066
Australia,08/12/2025,Coal,301.494
Australia,09/12/2025,Coal,302.527
Australia,10/12/2025,Coal,305.571
Australia,11/12/2025,Coal,306.958
Australia,12/12/2025,Coal,308.969
Australia,13/12/2025,Coal,307.133
Australia,14/12/2025,Coal,305.232
Australia,15/12/2025,Coal,307.145
Australia,16/12/2025,Coal,308.832
Australia,17/12/2025,Coal,308.806
Australia,18/12/2025,Coal,309.885
Australia,19/12/2025,Coal,311.54
Australia,20/12/2025,Coal,313.817
Australia,21/12/2025,Coal,320.252
Australia,22/12/2025,Coal,322.3
Australia,23/12/2025,Coal,323.523
Australia,24/12/2025,Coal,323.317
Australia,25/12/2025,Coal,316.384
Australia,26/12/2025,Coal,304.42
Australia,27/12/2025,Coal,292.703
Australia,28/12/2025,Coal,281.628
Australia,29/12/2025,Coal,271.736
Australia,30/12/2025,Coal,261.942
Australia,31/12/2025,Coal,254.259
Australia,01/01/2026,Coal,253.548
Australia,02/01/2026,Coal,256.607
Australia,03/01/2026,Coal,264.107
Australia,04/01/2026,Coal,271.693
Australia,05/01/2026,Coal,279.963
Australia,06/01/2026,Coal,288.799
Australia,07/01/2026,Coal,298.699
Australia,08/01/2026,Coal,312.901
Australia,09/01/2026,Coal,321.998
Australia,10/01/2026,Coal,324.027
Australia,11/01/2026,Coal,325.153
Australia,12/01/2026,Coal,322.115
Australia,13/01/2026,Coal,323.129
Australia,14/01/2026,Coal,323.269
Australia,15/01/2026,Coal,318.895
Australia,16/01/2026,Coal,312.493
Australia,17/01/2026,Coal,306.366
Australia,18/01/2026,Coal,300.531
Australia,19/01/2026,Coal,298.63
Australia,20/01/2026,Coal,295.293
Australia,21/01/2026,Coal,293.179
Australia,22/01/2026,Coal,291.961
Australia,23/01/2026,Coal,295.389
Australia,24/01/2026,Coal,303.821
Australia,25/01/2026,Coal,315.97
Australia,26/01/2026,Coal,323.972
Australia,27/01/2026,Coal,331.455
Australia,28/01/2026,Coal,337.834
Australia,29/01/2026,Coal,341.624
Australia,30/01/2026,Coal,350.907
Australia,31/01/2026,Coal,357.097
Australia,01/02/2026,Coal,353.285
Australia,02/02/2026,Coal,349.089
Australia,03/02/2026,Coal,340.477
Australia,04/02/2026,Coal,334.315
Australia,05/02/2026,Coal,332.121
Australia,06/02/2026,Coal,325.469
Australia,07/02/2026,Coal,320.372
Australia,08/02/2026,Coal,323.138
Australia,09/02/2026,Coal,333.597
Australia,10/02/2026,Coal,343.954
Australia,11/02/2026,Coal,348.842
Australia,12/02/2026,Coal,349.332
Australia,13/02/2026,Coal,346.081
Australia,14/02/2026,Coal,340.079
Australia,15/02/2026,Coal,334.12
Australia,16/02/2026,Coal,323.51
Australia,17/02/2026,Coal,314.335
Australia,18/02/2026,Coal,312.76
Australia,19/02/2026,Coal,317.92
Australia,20/02/2026,Coal,326.887
Australia,21/02/2026,Coal,334.791
Australia,22/02/2026,Coal,340.148
Australia,23/02/2026,Coal,347.034
Australia,24/02/2026,Coal,354.965
Australia,25/02/2026,Coal,356.375
Australia,26/02/2026,Coal,351.303
Australia,27/02/2026,Coal,346.292
Australia,28/02/2026,Coal,341.728
Australia,01/03/2026,Coal,337.082
Australia,02/03/2026,Coal,337.378
Australia,03/03/2026,Coal,337.913
Australia,04/03/2026,Coal,343.071
Australia,05/03/2026,Coal,350.607
Australia,06/03/2026,Coal,356.469
Australia,07/03/2026,Coal,362.443
Australia,08/03/2026,Coal,363.77
Australia,09/03/2026,Coal,359.675
Australia,10/03/2026,Coal,356.858
Australia,11/03/2026,Coal,347.009
Australia,12/03/2026,Coal,338.4
Australia,13/03/2026,Coal,329.572
Australia,14/03/2026,Coal,319.017
Australia,15/03/2026,Coal,317.595
Australia,16/03/2026,Coal,321.472
Australia,17/03/2026,Coal,325.444
Australia,18/03/2026,Coal,333.931
Australia,19/03/2026,Coal,343.151
Australia,20/03/2026,Coal,347.566
Australia,21/03/2026,Coal,354.496
Australia,22/03/2026,Coal,355.974
Australia,23/03/2026,Coal,353.846
Australia,24/03/2026,Coal,348.73
Australia,25/03/2026,Coal,344.418
Australia,26/03/2026,Coal,337.683
Australia,27/03/2026,Coal,330.314
Australia,28/03/2026,Coal,326.388
Australia,29/03/2026,Coal,324.492
Australia,30/03/2026,Coal,321.758
Australia,31/03/2026,Coal,317.397
Australia,01/04/2026,Coal,315.28
Australia,02/04/2026,Coal,313.698
Australia,03/04/2026,Coal,312.152
Australia,04/04/2026,Coal,308.6
Australia,05/04/2026,Coal,306.644
Australia,06/04/2026,Coal,303.219
Australia,07/04/2026,Coal,303.035
Australia,08/04/2026,Coal,304.472
Australia,09/04/2026,Coal,301.387
Australia,10/04/2026,Coal,302.041
Australia,11/04/2026,Coal,300.789
Australia,12/04/2026,Coal,298.144
Australia,13/04/2026,Coal,299.549
Australia,14/04/2026,Coal,304.401
Australia,15/04/2026,Coal,304.543
Australia,16/04/2026,Coal,306.903
Australia,17/04/2026,Coal,311.681
Australia,18/04/2026,Coal,320.62
Australia,19/04/2026,Coal,329.399
Australia,20/04/2026,Coal,334.119
Australia,21/04/2026,Coal,330.216
Australia,22/04/2026,Coal,325.817
Australia,23/04/2026,Coal,325.214
Australia,24/04/2026,Coal,322.481
Australia,25/04/2026,Coal,314.378
Australia,26/04/2026,Coal,308.772
Australia,27/04/2026,Coal,307.514
Australia,28/04/2026,Coal,310.574
Australia,29/04/2026,Coal,314.03
Australia,30/04/2026,Coal,311.162
Australia,01/05/2026,Coal,309.131
Australia,02/05/2026,Coal,309.456
Australia,03/05/2026,Coal,305.485
Australia,04/05/2026,Coal,300.322
Australia,05/05/2026,Coal,301.139
Australia,06/05/2026,Coal,302.197
Australia,07/05/2026,Coal,302.128
Australia,08/05/2026,Coal,301.767
Australia,09/05/2026,Coal,309.826
Australia,10/05/2026,Coal,319.631
Australia,11/05/2026,Coal,325.742
Australia,12/05/2026,Coal,324.472
Australia,13/05/2026,Coal,323.563
Australia,14/05/2026,Coal,328.16
Australia,15/05/2026,Coal,330.747
Australia,16/05/2026,Coal,325.713
Australia,17/05/2026,Coal,327.369
Australia,18/05/2026,Coal,332.331
Australia,19/05/2026,Coal,334.904
Australia,20/05/2026,Coal,334.814
Australia,21/05/2026,Coal,338.783
Australia,22/05/2026,Coal,344.534
Australia,23/05/2026,Coal,349.757
Australia,24/05/2026,Coal,350.54
Australia,25/05/2026,Coal,349.555
Australia,26/05/2026,Coal,353.273
Australia,27/05/2026,Coal,360.883
Australia,28/05/2026,Coal,364.087
Australia,29/05/2026,Coal,364.651
Australia,30/05/2026,Coal,360.213
Australia,31/05/2026,Coal,352.408
Australia,01/06/2026,Coal,346.667
Australia,02/06/2026,Coal,338.909
Australia,03/06/2026,Coal,326.274
Australia,04/06/2026,Coal,317.695
Australia,05/06/2026,Coal,317.446
Australia,06/06/2026,Coal,324.748
Australia,07/06/2026,Coal,333.547
Australia,08/06/2026,Coal,335.408
Australia,09/06/2026,Coal,337.13
Australia,10/06/2026,Coal,345.226
Australia,11/06/2026,Coal,355.193
Australia,12/06/2026,Coal,352.549
Australia,13/06/2026,Coal,348.125
Australia,14/06/2026,Coal,345.662
Australia,15/06/2026,Coal,347.66
Australia,16/06/2026,Coal,347.543
Australia,17/06/2026,Coal,345.676
Australia,18/06/2026,Coal,334.591
Australia,19/06/2026,Coal,333.517
Australia,20/06/2026,Coal,339.481
Australia,21/06/2026,Coal,344.802
Australia,22/06/2026,Coal,349.509
Australia,23/06/2026,Coal,356.244
Australia,24/06/2026,Coal,361.086
Australia,25/06/2026,Coal,368.277
Australia,26/06/2026,Coal,374.888
Australia,27/06/2026,Coal,374.982
Australia,28/06/2026,Coal,370.645
Australia,29/06/2026,Coal,366.581
Australia,30/06/2026,Coal,365.267
Australia,01/07/2026,Coal,359.707
Australia,02/07/2026,Coal,355.568
Australia,03/07/2026,Coal,350.521
Australia,04/07/2026,Coal,351.146
Australia,05/07/2026,Coal,354.432
Australia,06/07/2026,Coal,359.062
Australia,07/07/2026,Coal,364.007
Australia,08/07/2026,Coal,372.12
Australia,09/07/2026,Coal,383.492
Australia,10/07/2026,Coal,395.433
Australia,11/07/2026,Coal,394.696
Australia,12/07/2026,Coal,388.547
Australia,13/07/2026,Coal,382.479
Australia,14/07/2026,Coal,374.727
Australia,15/07/2026,Coal,373.466
Australia,16/07/2026,Coal,373.123
Australia,17/07/2026,Coal,371.338
Australia,18/07/2026,Coal,372.415
Australia,19/07/2026,Coal,375.784
Australia,20/07/2026,Coal,378.097
Australia,21/07/2026,Coal,383.656
Australia,22/07/2026,Coal,383.094
Australia,23/07/2026,Coal,377.246
Australia,24/07/2026,Coal,369.619
Australia,25/07/2026,Coal,365.991
Australia,26/07/2026,Coal,370.405
Australia,27/07/2026,Coal,374.649
Australia,28/07/2026,Coal,369.163
Australia,29/07/2026,Coal,365.026
Australia,30/07/2026,Coal,369.189
Australia,31/07/2026,Coal,377.303
Australia,01/01/2024,Gas,32.1528
Australia,02/01/2024,Gas,32.7593
Australia,03/01/2024,Gas,32.925
Australia,04/01/2024,Gas,32.0023
Australia,05/01/2024,Gas,30.736
Australia,06/01/2024,Gas,30.461
Australia,07/01/2024,Gas,31.6455
Australia,08/01/2024,Gas,33.5852
Australia,09/01/2024,Gas,34.2287
Australia,10/01/2024,Gas,33.5759
Australia,11/01/2024,Gas,32.9702
Australia,12/01/2024,Gas,34.1071
Australia,13/01/2024,Gas,33.5142
Australia,14/01/2024,Gas,32.8421
Australia,15/01/2024,Gas,32.0091
Australia,16/01/2024,Gas,33.1001
Australia,17/01/2024,Gas,33.9879
Australia,18/01/2024,Gas,34.8648
Australia,19/01/2024,Gas,34.8004
Australia,20/01/2024,Gas,35.1818
Australia,21/01/2024,Gas,35.8359
Australia,22/01/2024,Gas,35.586
Australia,23/01/2024,Gas,33.968
Australia,24/01/2024,Gas,33.7031
Australia,25/01/2024,Gas,34.9875
Australia,26/01/2024,Gas,33.8736
Australia,27/01/2024,Gas,34.7052
Australia,28/01/2024,Gas,35.4525
Australia,29/01/2024,Gas,38.157
Australia,30/01/2024,Gas,39.9698
Australia,31/01/2024,Gas,38.8167
Australia,01/02/2024,Gas,37.5577
Australia,02/02/2024,Gas,38.7285
Australia,03/02/2024,Gas,39.0808
Australia,04/02/2024,Gas,40.6323
Australia,05/02/2024,Gas,40.2242
Australia,06/02/2024,Gas,38.7579
Australia,07/02/2024,Gas,38.57
Australia,08/02/2024,Gas,37.4494
Australia,09/02/2024,Gas,36.0564
Australia,10/02/2024,Gas,34.1176
Australia,11/02/2024,Gas,31.4798
Australia,12/02/2024,Gas,31.5556
Australia,13/02/2024,Gas,33.2391
Australia,14/02/2024,Gas,35.5044
Australia,15/02/2024,Gas,38.4318
Australia,16/02/2024,Gas,39.1687
Australia,17/02/2024,Gas,39.9416
Australia,18/02/2024,Gas,40.4907
Australia,19/02/2024,Gas,39.8133
Australia,20/02/2024,Gas,40.8856
Australia,21/02/2024,Gas,42.587
Australia,22/02/2024,Gas,43.5857
Australia,23/02/2024,Gas,45.4864
Australia,24/02/2024,Gas,46.517
Australia,25/02/2024,Gas,45.7416
Australia,26/02/2024,Gas,44.2765
Australia,27/02/2024,Gas,42.1243
